Iteration, Array Size, Swaps, Time
1, 2, 0, 0.000003
2, 4, 0, 0.000002
3, 8, 0, 0.000002
4, 16, 0, 0.000003
5, 32, 0, 0.000004
6, 64, 0, 0.000008
7, 128, 0, 0.000017
8, 256, 0, 0.000035
9, 512, 0, 0.000072
10, 1024, 0, 0.000162
11, 2048, 0, 0.000411
12, 4096, 0, 0.000728
13, 8192, 0, 0.001593
14, 16384, 0, 0.003570
15, 32768, 0, 0.007043
16, 65536, 0, 0.011013
17, 131072, 0, 0.023777
18, 262144, 0, 0.051076
