Iteration, Array Size, Swaps, Time
1, 2, 0, 0.000002
2, 4, 0, 0.000001
3, 8, 0, 0.000001
4, 16, 0, 0.000001
5, 32, 0, 0.000001
6, 64, 0, 0.000001
7, 128, 0, 0.000002
8, 256, 0, 0.000003
9, 512, 0, 0.000004
10, 1024, 0, 0.000008
11, 2048, 0, 0.000015
12, 4096, 0, 0.000028
13, 8192, 0, 0.000054
14, 16384, 0, 0.000107
15, 32768, 0, 0.000213
16, 65536, 0, 0.000422
17, 131072, 0, 0.000860
18, 262144, 0, 0.001703
