Iteration, Array Size, Swaps, Time
1, 2, 0, 0.000002
2, 4, 0, 0.000002
3, 8, 0, 0.000002
4, 16, 0, 0.000001
5, 32, 0, 0.000002
6, 64, 0, 0.000003
7, 128, 0, 0.000004
8, 256, 0, 0.000004
9, 512, 0, 0.000008
10, 1024, 0, 0.000015
11, 2048, 0, 0.000027
12, 4096, 0, 0.000053
13, 8192, 0, 0.000106
14, 16384, 0, 0.000210
15, 32768, 0, 0.000418
16, 65536, 0, 0.000834
17, 131072, 0, 0.001694
18, 262144, 0, 0.002481
