Iteration, Array Size, Swaps, Time
1, 2, 0, 0.000002
2, 4, 0, 0.000002
3, 8, 0, 0.000002
4, 16, 0, 0.000003
5, 32, 0, 0.000004
6, 64, 0, 0.000008
7, 128, 0, 0.000015
8, 256, 0, 0.000032
9, 512, 0, 0.000070
10, 1024, 0, 0.000163
11, 2048, 0, 0.000389
12, 4096, 0, 0.000749
13, 8192, 0, 0.001622
14, 16384, 0, 0.003525
15, 32768, 0, 0.006544
16, 65536, 0, 0.010733
17, 131072, 0, 0.023458
18, 262144, 0, 0.049938
