Iteration, Array Size, Swaps, Time
1, 2, 0, 0.000000
2, 4, 0, 0.000000
3, 8, 0, 0.000000
4, 16, 0, 0.000000
5, 32, 0, 0.000000
6, 64, 0, 0.000000
7, 128, 0, 0.000000
8, 256, 0, 0.000000
9, 512, 0, 0.000000
10, 1024, 0, 0.000000
11, 2048, 0, 0.000000
12, 4096, 0, 0.000000
13, 8192, 0, 0.000000
14, 16384, 0, 0.000000
15, 32768, 0, 0.000998
16, 65536, 0, 0.000000
17, 131072, 0, 0.000000
18, 262144, 0, 0.000997
